union_type,union_name,union_location,union_members,union_detail_href
AFGE,GOVERNMENT EMPLOYEES Local 1208,SANGER, CA 936579737,49,http://www.unions.org/unions/american-federation-of-government-employees/local-1208/18740
AFGE,GOVERNMENT EMPLOYEES Local 2003,100 E ALVIN DRSALINAS, CA 939062404,175,http://www.unions.org/unions/american-federation-of-government-employees/local-2003/6229
AFGE,GOVERNMENT EMPLOYEES Local 2275,450 GOLDEN GATE AVENUESAN FRANCISCO, CA 941023401,56,http://www.unions.org/unions/american-federation-of-government-employees/local-2275/10740
AFGE,GOVERNMENT EMPLOYEES Local 2110,3801 MIRANDA AVE   #11PALO ALTO, CA 943041207,1302,http://www.unions.org/unions/american-federation-of-government-employees/local-2110/7217
AFGE,GOVERNMENT EMPLOYEES Local 1764,T.A.F.B., CA 945350566,676,http://www.unions.org/unions/american-federation-of-government-employees/local-1764/10731
AFGE,GOVERNMENT EMPLOYEES Local 3584,5701 8TH ST CAMP PARKSDUBLIN, CA 94568,148,http://www.unions.org/unions/american-federation-of-government-employees/local-3584/18414
AFGE,GOVERNMENT EMPLOYEES Local 1533,OAKLAND, CA 94612,12,http://www.unions.org/unions/american-federation-of-government-employees/local-1533/5590
AFGE,GOVERNMENT EMPLOYEES Local 1159,FEDERAL BUILDING 1301 CLAY ST.OAKLAND, CA 946125209,77,http://www.unions.org/unions/american-federation-of-government-employees/local-1159/18223
AFGE,GOVERNMENT EMPLOYEES Local 1242,1 FEDERAL WAYATWATER, CA 95301,233,http://www.unions.org/unions/american-federation-of-government-employees/local-1242/6196
AFGE,GOVERNMENT EMPLOYEES Local 1546,LATHROP, CA 953300432,1200,http://www.unions.org/unions/american-federation-of-government-employees/local-1546/9526
AFGE,GOVERNMENT EMPLOYEES Local 988,551 SIR LANCELOT COURTTRACY, CA 953761429,104,http://www.unions.org/unions/american-federation-of-government-employees/local-988/1270
AFGE,GOVERNMENT EMPLOYEES Local 1206,Rancho Cordova, CA 95741,588,http://www.unions.org/unions/american-federation-of-government-employees/local-1206/15914
AFGE,GOVERNMENT EMPLOYEES Local 1616,SACRAMENTO, CA 95812,159,http://www.unions.org/unions/american-federation-of-government-employees/local-1616/18386
AFGE,GOVERNMENT EMPLOYEES Local 2025,Beale Afb, AL 959039177,80,http://www.unions.org/unions/american-federation-of-government-employees/local-2025/17436
AFM,MUSICIANS Local 6,116 NINTH STREETSAN FRANCISCO, CA 941032603,1663,http://www.unions.org/unions/american-federation-of-musicians/local-6/12793
AFM,MUSICIANS,116 NINTH STSAN FRANCISCO, CA 941032603,13750,http://www.unions.org/unions/american-federation-of-musicians/local-0/15432
AFM,MUSICIANS Local 424,2854 JORDAN WAYPINOLE, CA 94564,70,http://www.unions.org/unions/american-federation-of-musicians/local-424/16147
AFM,MUSICIANS Local 367,600 NEBRASKA STREETVALLEJO, CA 945903835,26,http://www.unions.org/unions/american-federation-of-musicians/local-367/12592
AFM,MUSICIANS Local 153,2102 ALMADEN ROAD SUITE 112SAN JOSE, CA 95125,521,http://www.unions.org/unions/american-federation-of-musicians/local-153/3968
AFM,MUSICIANS Local 189,211 E MARCH LANE, SUITE J1STOCKTON, CA 95207,150,http://www.unions.org/unions/american-federation-of-musicians/local-189/6305
AFM,MUSICIANS Local 12,8175 ALPINE AVE. SUITE GSACRAMENTO, CA 958264726,423,http://www.unions.org/unions/american-federation-of-musicians/local-12/13470
AFSCME,STATE COUNTY & MUNI EMPLS Local 829,1301 SHOREWAY RD. STE. 155BELMONT, CA 940024151,3370,http://www.unions.org/unions/american-federation-of-state,-county,-and-municipal-employees/local-829/16137
AFSCME,STATE COUNTY & MUNI EMPLS Local 101,1150 N 1ST ST #101SAN JOSE, CA 951124923,3113,http://www.unions.org/unions/american-federation-of-state,-county,-and-municipal-employees/local-101/14681
AFT,TEACHERS Local 4269,UNIVERSITY OF SAN FRANCISCOSAN FRANCISCO, CA 941171080,379,http://www.unions.org/unions/american-federation-of-teachers/local-4269/8001
AFTRA,TV & RADIO ARTISTS AAAA,350 SANSOME STREETSAN FRANCISCO, CA 941041304,1751,http://www.unions.org/unions/american-federation-of-television-and-radio-artists/local-0/8191
APWU,POSTAL WORKERS, AMERICAN, Local 6159,DALY CITY, CA 940172234,21,http://www.unions.org/unions/american-postal-workers-union/local-6159/4069
APWU,POSTAL WORKERS, AMERICAN, Local 2,1239 HOWARD STREETSAN FRANCISCO, CA 94103,1561,http://www.unions.org/unions/american-postal-workers-union/local-2/12219
APWU,POSTAL WORKERS, AMERICAN, Local 6669,SAN MATEO, CA 944020092,162,http://www.unions.org/unions/american-postal-workers-union/local-6669/6633
APWU,POSTAL WORKERS, AMERICAN, Local 47,2116 N. MAIN STREETWALNUT CREEK, CA 945963796,939,http://www.unions.org/unions/american-postal-workers-union/local-47/13496
APWU,POSTAL WORKERS, AMERICAN, Local 78,7700 EDGEWATER DRIVE #656OAKLAND, CA 946213022,1014,http://www.unions.org/unions/american-postal-workers-union/local-78/11750
APWU,POSTAL WORKERS, AMERICAN, Local 73,1885 Lundy Ave Suite 280San Jose, CA 951311889,656,http://www.unions.org/unions/american-postal-workers-union/local-73/13156
APWU,POSTAL WORKERS, AMERICAN, Local 320,2027 GRAND CANAL BLVD., #30STOCKTON, CA 95207,254,http://www.unions.org/unions/american-postal-workers-union/local-320/5833
APWU,POSTAL WORKERS, AMERICAN, Local 1071,MERCEO, CA 95344,11,http://www.unions.org/unions/american-postal-workers-union/local-1071/17998
APWU,POSTAL WORKERS, AMERICAN, Local 635,1100 CARVER RD #CMODESTO, CA 95350,188,http://www.unions.org/unions/american-postal-workers-union/local-635/10831
APWU,POSTAL WORKERS, AMERICAN, Local 1465,781 S. WASHINGTON STSONORA, CA 953700000,5,http://www.unions.org/unions/american-postal-workers-union/local-1465/15542
APWU,POSTAL WORKERS, AMERICAN, Local 66,5301 Madison Ave Suite 202Sacramento, CA 95841,1552,http://www.unions.org/unions/american-postal-workers-union/local-66/12752
APWU,POSTAL WORKERS, AMERICAN, Local 211,MARYSVILLE, CA 959010006,110,http://www.unions.org/unions/american-postal-workers-union/local-211/4401
APWU,POSTAL WORKERS, AMERICAN, Local 6792,TAHOE CITY, CA 961450000,8,http://www.unions.org/unions/american-postal-workers-union/local-6792/10625
ATU,TRANSIT UNION Local 1574,1153 CHESS DR. #203FOSTER CITY, CA 94404,519,http://www.unions.org/unions/amalgamated-transit-union/local-1574/11187
ATU,TRANSIT UNION Local 1605,1333 PINE STREET SUITE GMARTINEZ, CA 945531865,270,http://www.unions.org/unions/amalgamated-transit-union/local-1605/10793
ATU,TRANSIT UNION Local 192,8460 ENTERPRISE WAYOAKLAND, CA 956211318,2629,http://www.unions.org/unions/amalgamated-transit-union/local-192/14151
ATU,TRANSIT UNION Local 256,2776  21ST  STREETSACRAMENTO, CA 95818,1463,http://www.unions.org/unions/amalgamated-transit-union/local-256/13896
ATU,TRANSIT UNION,8331 FOYNES WAYSACRAMENTO, CA 958286156,12717,http://www.unions.org/unions/amalgamated-transit-union/local-0/13483
BAC,BRICKLAYERS Local 3,10806 BIGGE STREETSAN LEANDRO, CA 94577,2341,http://www.unions.org/unions/international-union-of-bricklayers-and-allied-craft-workers/local-3/14674
BBF,BOILERMAKERS Local 99,350 E LAUREL DR.SALINAS, CA 939063748,29,http://www.unions.org/unions/international-brotherhood-of-boilermakers/local-99/4433
BBF,BOILERMAKERS Local 549,2191 PIEDMONT WAYPITTSBURG, CA 94565,769,http://www.unions.org/unions/international-brotherhood-of-boilermakers/local-549/7934
BBF,BOILERMAKERS Local 6,2191 PIEDMONT WAYPITTSBURG, CA 94565,398,http://www.unions.org/unions/international-brotherhood-of-boilermakers/local-6/8576
BBF,BOILERMAKERS Local 46,135 MARINE VIEW AVEDAVENPORT, CA 950170234,76,http://www.unions.org/unions/international-brotherhood-of-boilermakers/local-46/8408
BBF,BOILERMAKERS Local 100,3263 FLINTMONT CT.SAN JOSE, CA 95148,25,http://www.unions.org/unions/international-brotherhood-of-boilermakers/local-100/18808
BCTD,BLDG & CONSTRN TRADES DEPT,1188 Franklin StreetSAN FRANCISCO, CA 94109,29,http://www.unions.org/unions/building-construction-trades-department/local-0/14162
BCTD,BLDG & CONSTRN TRADES DEPT,2540 NORTH WATNEY WAYFAIRFIELD, CA 94533,3500,http://www.unions.org/unions/building-construction-trades-department/local-0/665
BCTD,BLDG & CONSTRN TRADES DEPT,MARTINEZ, CA 94553,25,http://www.unions.org/unions/building-construction-trades-department/local-0/8060
BCTD,BLDG & CONSTRN TRADES DEPT,8400 ENTERPRISE WAYOAKLAND, CA 94621,28,http://www.unions.org/unions/building-construction-trades-department/local-0/7613
BCTD,BLDG & CONSTRN TRADES DEPT,4174 REDWOOD HWYSAN RAFAEL, CA 949032618,17,http://www.unions.org/unions/building-construction-trades-department/local-0/2968
BCTD,BLDG & CONSTRN TRADES DEPT,2102 ALMADEN ROADSAN JOSE, CA 951252104,24,http://www.unions.org/unions/building-construction-trades-department/local-0/14122
BCTD,BLDG & CONSTRN TRADES DEPT,STOCKTON, CA 95205,2200,http://www.unions.org/unions/building-construction-trades-department/local-0/3008
BCTD,BLDG & CONSTRN TRADES DEPT,MODESTO, CA 953531890,24,http://www.unions.org/unions/building-construction-trades-department/local-0/1900
BCTD,BLDG & CONSTRN TRADES DEPT,2840 EL CENTRO RD #107SACRAMENTO, CA 95833,29,http://www.unions.org/unions/building-construction-trades-department/local-0/12181
BCTGMI,BAKERY, TOBACCO & GRAIN Local 24,500 JEFFERSON STREETREDWOOD CITY, CA 94063,1208,http://www.unions.org/unions/the-bakery,-confectionery,-tobacco-workers-and-grain-millers-international-union/local-24/12342
BCTGMI,BAKERY, TOBACCO & GRAIN Local 125,14144 DOOLITTLE DRIVESAN LEANDRO, CA 94577,2425,http://www.unions.org/unions/the-bakery,-confectionery,-tobacco-workers-and-grain-millers-international-union/local-125/14599
BCTGMI,BAKERY, TOBACCO & GRAIN Local 59,2453 STONEYCREEK CIRACAMPO, CA 952209564,383,http://www.unions.org/unions/the-bakery,-confectionery,-tobacco-workers-and-grain-millers-international-union/local-59/1738
BCTGMI,BAKERY, TOBACCO & GRAIN Local 85,7125 GOVERNORS CIRCLESACRAMENTO, CA 95823,1437,http://www.unions.org/unions/the-bakery,-confectionery,-tobacco-workers-and-grain-millers-international-union/local-85/12168
BLE,LOCOMOTIVE ENGINEERS, IBT Local 65,162 TULARE STREETBRISBANE, CA 940051308,53,http://www.unions.org/unions/brotherhood-of-locomotive-engineers/local-65/9361
BLE,LOCOMOTIVE ENGINEERS, IBT Local 839,GLEN ELLEN, CA 954420447,98,http://www.unions.org/unions/brotherhood-of-locomotive-engineers/local-839/3010
BLE,LOCOMOTIVE ENGINEERS, IBT Local 144,528 FISHER CIRCLEFOLSOM, CA 956309540,96,http://www.unions.org/unions/brotherhood-of-locomotive-engineers/local-144/4137
BLE,LOCOMOTIVE ENGINEERS, IBT Local 692,3773 ANTELOPE WAYROCKLIN, CA 956771940,101,http://www.unions.org/unions/brotherhood-of-locomotive-engineers/local-692/18498
BLE,LOCOMOTIVE ENGINEERS, IBT Local 283,250 MARKHAM AVENUEVACAVILLE, CA 956882315,62,http://www.unions.org/unions/brotherhood-of-locomotive-engineers/local-283/16419
BMWE,MAINTENANCE OF WAY EMPLS, IBT Local 1002,2076 RAPUNZEL CTOAKDALE, CA 953613393,89,http://www.unions.org/unions/brotherhood-of-maintenance-of-way-employees/local-1002/10629
BMWE,MAINTENANCE OF WAY EMPLS, IBT Local 407,7599 SYCAMORE DRCITRUS HEIGHTS, CA 956102210,83,http://www.unions.org/unions/brotherhood-of-maintenance-of-way-employees/local-407/2357
BMWE,MAINTENANCE OF WAY EMPLS, IBT,510 8TH STREETSACRAMENTO, CA 958141206,1723,http://www.unions.org/unions/brotherhood-of-maintenance-of-way-employees/local-0/6273
BMWE,MAINTENANCE OF WAY EMPLS, IBT Local 922,SACRAMENTO, CA 958600304,156,http://www.unions.org/unions/brotherhood-of-maintenance-of-way-employees/local-922/1581
BRS,RAILROAD SIGNALMEN Local 153,SAN FRANCISCO, CA 94134,44,http://www.unions.org/unions/brotherhood-of-railroad-signalmen/local-153/15083
BRS,RAILROAD SIGNALMEN Local 229,5733 MARETA LANELOOMIS, CA 95650,77,http://www.unions.org/unions/brotherhood-of-railroad-signalmen/local-229/7019
BSOIW,IRON WORKERS Local 377,570 BARNEVELD AVENUESAN FRANCISCO, CA 941241804,2595,http://www.unions.org/unions/international-association-of-bridge,-structural,-ornamental,-and-reinforcing-iro/local-377/7850
BSOIW,IRON WORKERS Local 378,3120 BAYSHORE ROADBENICIA, CA 94510,2302,http://www.unions.org/unions/international-association-of-bridge,-structural,-ornamental,-and-reinforcing-iro/local-378/7279
BSOIW,IRON WORKERS Local 844,1660 SAN PABLO AVEPINOLE, CA 945642072,260,http://www.unions.org/unions/international-association-of-bridge,-structural,-ornamental,-and-reinforcing-iro/local-844/7657
BSOIW,IRON WORKERS Local 790,8130 BALDWIN STREETOAKLAND, CA 94621,905,http://www.unions.org/unions/international-association-of-bridge,-structural,-ornamental,-and-reinforcing-iro/local-790/7659
BSOIW,IRON WORKERS Local 118,2840 EL CENTRO ROAD, #118SACRAMENTO, CA 95833,1456,http://www.unions.org/unions/international-association-of-bridge,-structural,-ornamental,-and-reinforcing-iro/local-118/7855
CJA,CARPENTERS Local 1496,6190 N CECELIAFRESNO, CA 937223204,54,http://www.unions.org/unions/the-united-brotherhood-of-carpenters-and-joiners-of-america/local-1496/1562
CJA,CARPENTERS Local 605,751 NEESON ROADMARINA, CA 93933,684,http://www.unions.org/unions/the-united-brotherhood-of-carpenters-and-joiners-of-america/local-605/7302
CJA,CARPENTERS Local 22,2085 THIRD STSAN FRANCISCO, CA 94107,3270,http://www.unions.org/unions/the-united-brotherhood-of-carpenters-and-joiners-of-america/local-22/6883
CJA,CARPENTERS Local 1861,1153 CHESS DRIVE STE 100FOSTER CITY, CA 94404,183,http://www.unions.org/unions/the-united-brotherhood-of-carpenters-and-joiners-of-america/local-1861/3295
CJA,CARPENTERS Local 217,1153 CHESS DR STE 100FOSTER CITY, CA 94404,1780,http://www.unions.org/unions/the-united-brotherhood-of-carpenters-and-joiners-of-america/local-217/7592
CJA,CARPENTERS Local 713,1050 MATTOX ROADHAYWARD, CA 94541,3563,http://www.unions.org/unions/the-united-brotherhood-of-carpenters-and-joiners-of-america/local-713/7623
CJA,CARPENTERS Local 102,3095 INDEPENDENCE DRLIVERMORE, CA 94551,1534,http://www.unions.org/unions/the-united-brotherhood-of-carpenters-and-joiners-of-america/local-102/7933
CJA,CARPENTERS Local 152,3780 ALHAMBRA AVENUEMARTINEZ, CA 945533804,2795,http://www.unions.org/unions/the-united-brotherhood-of-carpenters-and-joiners-of-america/local-152/7640
CJA,CARPENTERS Local 25,3780 ALHAMBRA AVENUEMARTINEZ, CA 945533804,2290,http://www.unions.org/unions/the-united-brotherhood-of-carpenters-and-joiners-of-america/local-25/8693
CJA,CARPENTERS Local 180,404 NEBRASKA STVALLEJO, CA 94590,1069,http://www.unions.org/unions/the-united-brotherhood-of-carpenters-and-joiners-of-america/local-180/7733
CJA,CARPENTERS Local 2236,115 BROADWAYOAKLAND, CA 94607,783,http://www.unions.org/unions/the-united-brotherhood-of-carpenters-and-joiners-of-america/local-2236/7726
CJA,CARPENTERS Local 68,8400 ENTERPRISE WAY RM 202OAKLAND, CA 94621,1635,http://www.unions.org/unions/the-united-brotherhood-of-carpenters-and-joiners-of-america/local-68/7340
CJA,CARPENTERS Local 34,55 Hegenberger PlaceOakland, CA 94621,1153,http://www.unions.org/unions/the-united-brotherhood-of-carpenters-and-joiners-of-america/local-34/7729
CJA,CARPENTERS,265 HEGENBERGER ROAD, #200OAKLAND, CA 946212204,2,http://www.unions.org/unions/the-united-brotherhood-of-carpenters-and-joiners-of-america/local-0/12153
CJA,CARPENTERS Local 35,647 Lindaro StreetSan Rafael, CA 94901,621,http://www.unions.org/unions/the-united-brotherhood-of-carpenters-and-joiners-of-america/local-35/7444
CJA,CARPENTERS Local 505,225 SEARIDGE ROADAPTOS, CA 95003,428,http://www.unions.org/unions/the-united-brotherhood-of-carpenters-and-joiners-of-america/local-505/7632
CJA,CARPENTERS Local 262,2102 ALMADEN ROAD ROOM 109SAN JOSE, CA 95125,303,http://www.unions.org/unions/the-united-brotherhood-of-carpenters-and-joiners-of-america/local-262/2333
CJA,CARPENTERS Local 405,2102 ALMADEN RDSAN JOSE, CA 95125,3722,http://www.unions.org/unions/the-united-brotherhood-of-carpenters-and-joiners-of-america/local-405/7865
CJA,CARPENTERS Local 9144,2102 ALMADEN RD # 116SAN JOSE, CA 951252190,1299,http://www.unions.org/unions/the-united-brotherhood-of-carpenters-and-joiners-of-america/local-9144/7795
CJA,CARPENTERS Local 2927,P.O. BOX 185SUTTER CREEK, CA 95685,108,http://www.unions.org/unions/the-united-brotherhood-of-carpenters-and-joiners-of-america/local-2927/8641
CJA,CARPENTERS Local 2652,300 HWY 49SUTTER CREEK, CA 956850185,229,http://www.unions.org/unions/the-united-brotherhood-of-carpenters-and-joiners-of-america/local-2652/5034
CJA,CARPENTERS Local 2749,CAMINO, CA 957090451,7,http://www.unions.org/unions/the-united-brotherhood-of-carpenters-and-joiners-of-america/local-2749/4824
CJA,CARPENTERS Local 109,4421 PELL DRIVE, SUITE DSACRAMENTO, CA 95838,1023,http://www.unions.org/unions/the-united-brotherhood-of-carpenters-and-joiners-of-america/local-109/7088
CJA,CARPENTERS Local 46,4421 PELL DRIVESACRAMENTO, CA 95838,2579,http://www.unions.org/unions/the-united-brotherhood-of-carpenters-and-joiners-of-america/local-46/7365
CJA,CARPENTERS Local 1618,4421 PELL DRIVESACRAMENTO, CA 958382534,345,http://www.unions.org/unions/the-united-brotherhood-of-carpenters-and-joiners-of-america/local-1618/567
CJA,CARPENTERS Local 2687,MARYSVILLE, CA 959018549,19,http://www.unions.org/unions/the-united-brotherhood-of-carpenters-and-joiners-of-america/local-2687/9049
CJA,CARPENTERS Local 1789,2720 Young StreetSOUTH LAKE TAHOE, CA 961515070,125,http://www.unions.org/unions/the-united-brotherhood-of-carpenters-and-joiners-of-america/local-1789/10391
CWA,COMMUNICATIONS WORKERS Local 9490,7 MIDWAY AVESALINAS, CA 939052333,70,http://www.unions.org/unions/communication-workers-of-america/local-9490/11300
CWA,COMMUNICATIONS WORKERS Local 39521,433 NATOMA STREET 3RD FLSAN FRANCISCO, CA 94103,1350,http://www.unions.org/unions/communication-workers-of-america/local-39521/9255
CWA,COMMUNICATIONS WORKERS Local 9410,240 2ND STSAN FRANCISCO, CA 94105,630,http://www.unions.org/unions/communication-workers-of-america/local-9410/9194
CWA,COMMUNICATIONS WORKERS Local 59051,240 2nd St.SAN FRANCISCO, CA 94105,457,http://www.unions.org/unions/communication-workers-of-america/local-59051/9298
CWA,COMMUNICATIONS WORKERS,1153 CHESS DRIVE #204FOSTER CITY, CA 944041197,15031,http://www.unions.org/unions/communication-workers-of-america/local-0/4920
CWA,COMMUNICATIONS WORKERS Local 9412,29868 MISSION BLVDHAYWARD, CA 945446726,871,http://www.unions.org/unions/communication-workers-of-america/local-9412/9252
CWA,COMMUNICATIONS WORKERS Local 89262,519 ESTUDILLO AVENUESAN LEANDRO, CA 945774600,250,http://www.unions.org/unions/communication-workers-of-america/local-89262/13826
CWA,COMMUNICATIONS WORKERS Local 9415,1831 PARK BOULEVARDOAKLAND, CA 946061730,1653,http://www.unions.org/unions/communication-workers-of-america/local-9415/9284
CWA,COMMUNICATIONS WORKERS Local 9119,2510 CHANNING WAYBERKELEY, CA 94704,6686,http://www.unions.org/unions/communication-workers-of-america/local-9119/7638
CWA,COMMUNICATIONS WORKERS Local 9404,7 MOUNT LASSEN, SUITE C-150SAN RAFAEL, CA 94903,663,http://www.unions.org/unions/communication-workers-of-america/local-9404/9214
CWA,COMMUNICATIONS WORKERS Local 9423,2015 NAGLEE AVENUESAN JOSE, CA 951284801,2020,http://www.unions.org/unions/communication-workers-of-america/local-9423/9102
CWA,COMMUNICATIONS WORKERS Local 9417,404 W HARDING WAYSTOCKTON, CA 952045609,486,http://www.unions.org/unions/communication-workers-of-america/local-9417/11370
CWA,COMMUNICATIONS WORKERS Local 14908,906 SOUTH LEE AVELODI, CA 95240,10,http://www.unions.org/unions/communication-workers-of-america/local-14908/12589
CWA,COMMUNICATIONS WORKERS Local 9431,161 PALM AVENUE, SUITE 9AUBURN, CA 956033718,234,http://www.unions.org/unions/communication-workers-of-america/local-9431/4925
CWA,COMMUNICATIONS WORKERS Local 9421,2725 EL CAMINO AVENUESACRAMENTO, CA 95821,2356,http://www.unions.org/unions/communication-workers-of-america/local-9421/8731
GMP,GLASS MOLDERS PLASTICS Local 254,3064 W. SAN CARLOSFRESNO, CA 937112624,298,http://www.unions.org/unions/glass,-molders,-pottery,-plastics,-allied-workers-international-union/local-254/14706
GMP,GLASS MOLDERS PLASTICS Local 177,491 VINEWOOD DROAKLEY, CA 945612411,386,http://www.unions.org/unions/glass,-molders,-pottery,-plastics,-allied-workers-international-union/local-177/3706
GMP,GLASS MOLDERS PLASTICS Local 141,2077 WASHINGTON AVE #103SAN LEANDRO, CA 94577,160,http://www.unions.org/unions/glass,-molders,-pottery,-plastics,-allied-workers-international-union/local-141/9467
GMP,GLASS MOLDERS PLASTICS Local 164,8140 BALDWIN STREETOAKLAND, CA 94621,600,http://www.unions.org/unions/glass,-molders,-pottery,-plastics,-allied-workers-international-union/local-164/1769
GMP,GLASS MOLDERS PLASTICS Local 2,330 BUTTERFIELD RDSAN ANSELMO, CA 949601223,86,http://www.unions.org/unions/glass,-molders,-pottery,-plastics,-allied-workers-international-union/local-2/5753
GMP,GLASS MOLDERS PLASTICS Local 52,1531 JACOB AVESAN JOSE, CA 951181628,244,http://www.unions.org/unions/glass,-molders,-pottery,-plastics,-allied-workers-international-union/local-52/5256
GMP,GLASS MOLDERS PLASTICS Local 17,EMPIRE, CA 953191808,680,http://www.unions.org/unions/glass,-molders,-pottery,-plastics,-allied-workers-international-union/local-17/11237
GMP,GLASS MOLDERS PLASTICS Local 279,IONE, CA 95640,23,http://www.unions.org/unions/glass,-molders,-pottery,-plastics,-allied-workers-international-union/local-279/25
HERE,HOTEL EMPL, RESTAURANT EMPL Local 2,209 GOLDEN GATE AVENUESAN FRANCISCO, CA 941023705,11000,http://www.unions.org/unions/unite-here/local-2/13588
HERE,HOTEL EMPL, RESTAURANT EMPL Local 2850,405 - 14TH ST, SUITE 164OAKLAND, CA 94612,2654,http://www.unions.org/unions/unite-here/local-2850/14069
HERE,HOTEL EMPL, RESTAURANT EMPL Local 19,2302 Zanker Road, 2nd FloorSAN JOSE, CA 95131,3841,http://www.unions.org/unions/unite-here/local-19/13527
HERE,HOTEL EMPL, RESTAURANT EMPL Local 49,1796 TRIBUTE RD, STE 200SACRAMENTO, CA 95815,2229,http://www.unions.org/unions/unite-here/local-49/13349
IAFF,FIRE FIGHTERS Local 305,520 MITCHE;; DRCAMP PARKS, CA 94568,17,http://www.unions.org/unions/international-association-of-fire-fighters/local-305/15295
IAM,MACHINISTS Local 1781,1511 ROLLINS RDBURLINGAME, CA 94010,6662,http://www.unions.org/unions/international-associations-of-machinists-and-aerospace-workers/local-1781/423
IAM,MACHINISTS Local 2231,655 VAQUEROS AVESUNNYVALE, CA 940853524,67,http://www.unions.org/unions/international-associations-of-machinists-and-aerospace-workers/local-2231/14252
IAM,MACHINISTS Local 2228,655 VAQUEROS AVENUESUNNYVALE, CA 940863524,981,http://www.unions.org/unions/international-associations-of-machinists-and-aerospace-workers/local-2228/18220
IAM,MACHINISTS Local 1782,SAN FRANCISCO, CA 941281617,1281,http://www.unions.org/unions/international-associations-of-machinists-and-aerospace-workers/local-1782/18482
IAM,MACHINISTS Local 1414,150 SOUTH BOULEVARDSAN MATEO, CA 944022462,4906,http://www.unions.org/unions/international-associations-of-machinists-and-aerospace-workers/local-1414/13892
IAM,MACHINISTS Local 1173,1900 BATES AVENUE, SUITE HCONCORD, CA 945208557,858,http://www.unions.org/unions/international-associations-of-machinists-and-aerospace-workers/local-1173/9579
IAM,MACHINISTS Local 1546,10260 Macarthur BlvdOakland, AK 946055143,2824,http://www.unions.org/unions/international-associations-of-machinists-and-aerospace-workers/local-1546/14159
IAM,MACHINISTS Local 801,7717 OAKPORT STOAKLAND, CA 946212026,50,http://www.unions.org/unions/international-associations-of-machinists-and-aerospace-workers/local-801/6371
IAM,MACHINISTS Local 190,7717 OAKPORT STREETOAKLAND, CA 946212026,18324,http://www.unions.org/unions/international-associations-of-machinists-and-aerospace-workers/local-190/14125
IAM,MACHINISTS Local 946,2749 SUNRISE BLVDRANCHO CORDOVA, CA 95742,616,http://www.unions.org/unions/international-associations-of-machinists-and-aerospace-workers/local-946/3788
IATSE,STAGE & PICTURE OPERATORS Local 119,SAN CARLOS, CA 940709998,195,http://www.unions.org/unions/international-alliance-of-theatrical-stage-employees/local-119/2143
IATSE,STAGE & PICTURE OPERATORS Local 784,1182 MARKET STREETSAN FRANCISCO, CA 94102,128,http://www.unions.org/unions/international-alliance-of-theatrical-stage-employees/local-784/1269
IATSE,STAGE & PICTURE OPERATORS Local 18,SUITE 207SAN FRANCISCO, CA 94103,370,http://www.unions.org/unions/international-alliance-of-theatrical-stage-employees/local-18/11735
IATSE,STAGE & PICTURE OPERATORS Local 16,240 2ND STREET 1ST FLOORSAN FRANCISCO, CA 94105,988,http://www.unions.org/unions/international-alliance-of-theatrical-stage-employees/local-16/14011
IATSE,STAGE & PICTURE OPERATORS Local 107,8130 BALDWIN STREETOAKLAND, CA 94621,150,http://www.unions.org/unions/international-alliance-of-theatrical-stage-employees/local-107/13605
IATSE,STAGE & PICTURE OPERATORS Local 32,SANTA CLARA, CA 950552832,69,http://www.unions.org/unions/international-alliance-of-theatrical-stage-employees/local-32/3914
IATSE,STAGE & PICTURE OPERATORS Local 134,PO BOX 28585SAN JOSE, CA 951598585,145,http://www.unions.org/unions/international-alliance-of-theatrical-stage-employees/local-134/13492
IATSE,STAGE & PICTURE OPERATORS Local 874,Sacramento, CA 958188787,21,http://www.unions.org/unions/international-alliance-of-theatrical-stage-employees/local-874/17498
IATSE,STAGE & PICTURE OPERATORS Local 66,SACRAMENTO, CA 95819,150,http://www.unions.org/unions/international-alliance-of-theatrical-stage-employees/local-66/18264
IBEW,ELECTRICAL WORKERS Local 1269,870 MARKET STREETSAN FRANCISCO, CA 94102,1393,http://www.unions.org/unions/international-brotherhood-of-electrical-workers/local-1269/7714
IBEW,ELECTRICAL WORKERS Local 6,55 FILLMORE STREETSAN FRANCISCO, CA 941173545,2488,http://www.unions.org/unions/international-brotherhood-of-electrical-workers/local-6/13984
IBEW,ELECTRICAL WORKERS Local 617,1701 LESLIE STSAN MATEO, CA 94402,1026,http://www.unions.org/unions/international-brotherhood-of-electrical-workers/local-617/7440
IBEW,ELECTRICAL WORKERS Local 302,1875 Arnold DriveMartinez, CA 945534239,1440,http://www.unions.org/unions/international-brotherhood-of-electrical-workers/local-302/14750
IBEW,ELECTRICAL WORKERS Local 180,720B TECHNOLOGY WAYNAPA, CA 945587522,795,http://www.unions.org/unions/international-brotherhood-of-electrical-workers/local-180/7427
IBEW,ELECTRICAL WORKERS Local 595,6250 VILLAGE PARKWAYDUBLIN, CA 945682449,2675,http://www.unions.org/unions/international-brotherhood-of-electrical-workers/local-595/11889
IBEW,ELECTRICAL WORKERS Local 234,10300 MERRITT STREETCASTROVILLE, CA 95012,428,http://www.unions.org/unions/international-brotherhood-of-electrical-workers/local-234/13897
IBEW,ELECTRICAL WORKERS Local 2131,PO BOX 5205SANTA CLARA, CA 95056,302,http://www.unions.org/unions/international-brotherhood-of-electrical-workers/local-2131/13216
IBEW,ELECTRICAL WORKERS Local 332,2125 CANOAS GARDEN AVE, 100SAN JOSE, CA 95125,2595,http://www.unions.org/unions/international-brotherhood-of-electrical-workers/local-332/12446
IBEW,ELECTRICAL WORKERS Local 684,519 12TH STREETMODESTO, CA 953542402,250,http://www.unions.org/unions/international-brotherhood-of-electrical-workers/local-684/15243
IBEW,ELECTRICAL WORKERS Local 800,ROSEVILLE, CA 956780644,29,http://www.unions.org/unions/international-brotherhood-of-electrical-workers/local-800/10727
IBEW,ELECTRICAL WORKERS Local 1245,30 ORANGETREE CIRCLEVACAVILLE, CA 95687,17763,http://www.unions.org/unions/international-brotherhood-of-electrical-workers/local-1245/12058
IBEW,ELECTRICAL WORKERS Local 666,2840 El Centro Road., #115Sacramento, CA 95833,2073,http://www.unions.org/unions/international-brotherhood-of-electrical-workers/local-666/7744
IBT,TEAMSTERS Local 890,207 N. SANBORN ROADSALINAS, CA 93905,4655,http://www.unions.org/unions/international-brotherhood-of-teamsters/local-890/13201
IBT,TEAMSTERS Local 350,295 - 89TH STREETDALY CITY, CA 94015,2214,http://www.unions.org/unions/international-brotherhood-of-teamsters/local-350/10893
IBT,TEAMSTERS Local 665,295 89TH STREET #306DALY CITY, CA 94015,3991,http://www.unions.org/unions/international-brotherhood-of-teamsters/local-665/12041
IBT,TEAMSTERS Local 856,453 SAN MATEO AVENUESAN BRUNO, CA 940664415,7254,http://www.unions.org/unions/international-brotherhood-of-teamsters/local-856/14090
IBT,TEAMSTERS Local 85,2660 Newhall St Ste 205SAN FRANCISCO, CA 94124,577,http://www.unions.org/unions/international-brotherhood-of-teamsters/local-85/8923
IBT,TEAMSTERS Local 278,5 THOMAS MELLON CIRCLESAN FRANCISCO, CA 94134,1969,http://www.unions.org/unions/international-brotherhood-of-teamsters/local-278/13845
IBT,TEAMSTERS Local 315,2727 ALHAMBRA AVENUEMARTINEZ, CA 94553,4857,http://www.unions.org/unions/international-brotherhood-of-teamsters/local-315/14541
IBT,TEAMSTERS Local 853,2100 - B MERCED STREETSAN LEANDRO, CA 94577,10376,http://www.unions.org/unions/international-brotherhood-of-teamsters/local-853/13685
IBT,TEAMSTERS Local 70,400 Roland WayOAKLAND, CA 94621,4024,http://www.unions.org/unions/international-brotherhood-of-teamsters/local-70/14120
IBT,TEAMSTERS Local 912,22 EAST FIFTH STREETWATSONVILLE, CA 95076,931,http://www.unions.org/unions/international-brotherhood-of-teamsters/local-912/11671
IBT,TEAMSTERS Local 287,1452 NORTH FOURTH STREETSAN JOSE, CA 951124778,2058,http://www.unions.org/unions/international-brotherhood-of-teamsters/local-287/11820
IBT,TEAMSTERS Local 601,745 EAST MINER AVENUESTOCKTON, CA 95202,2780,http://www.unions.org/unions/international-brotherhood-of-teamsters/local-601/11423
IBT,TEAMSTERS Local 439,1531 EAST FREMONT STREETSTOCKTON, CA 95205,4283,http://www.unions.org/unions/international-brotherhood-of-teamsters/local-439/14667
IBT,TEAMSTERS Local 386,1225 13TH STREETMODESTO, CA 95354,3032,http://www.unions.org/unions/international-brotherhood-of-teamsters/local-386/11747
IBT,TEAMSTERS Local 150,7120 E PARKWAYSACRAMENTO, CA 95823,8486,http://www.unions.org/unions/international-brotherhood-of-teamsters/local-150/11885
ILWU,LONGSHORE & WAREHOUSE UNION Local 34,4 BERRY STREETSAN FRANCISCO, CA 941071739,227,http://www.unions.org/unions/international-longshore-and-warehouse-union/local-34/16048
ILWU,LONGSHORE & WAREHOUSE UNION Local 75,4 BERRY STREETSAN FRANCISCO, CA 941072103,86,http://www.unions.org/unions/international-longshore-and-warehouse-union/local-75/17752
ILWU,LONGSHORE & WAREHOUSE UNION,1188 FRANKLIN STREETSAN FRANCISCO, CA 94109,13982,http://www.unions.org/unions/international-longshore-and-warehouse-union/local-0/16126
ILWU,LONGSHORE & WAREHOUSE UNION Local 10,400 NORTH POINT STREETSAN FRANCISCO, CA 941331452,1332,http://www.unions.org/unions/international-longshore-and-warehouse-union/local-10/12569
ILWU,LONGSHORE & WAREHOUSE UNION Local 6,99 HEGENBERGER ROADOAKLAND, CA 946219956,2578,http://www.unions.org/unions/international-longshore-and-warehouse-union/local-6/16099
ILWU,LONGSHORE & WAREHOUSE UNION Local 17,1790 TERMINAL STREETWEST SACRAMENTO, CA 956913822,300,http://www.unions.org/unions/international-longshore-and-warehouse-union/local-17/15887
ILWU,LONGSHORE & WAREHOUSE UNION Local 18,West Sacramento, CA 95798,26,http://www.unions.org/unions/international-longshore-and-warehouse-union/local-18/18353
IUEC,ELEVATOR CONSTRUCTORS Local 8,690 POTRERO AVENUESAN FRANCISCO, CA 941102117,1170,http://www.unions.org/unions/international-union-of-elevator-constructors/local-8/7633
IUOE,ENGINEERS, OPERATING, Local 39,337 VALENCIA STREETSAN FRANCISCO, CA 94103,17968,http://www.unions.org/unions/international-union-of-operating-engineers/local-39/11807
IUOE,ENGINEERS, OPERATING,,1121 L STREET, SUITE 401SACRAMENTO, CA 958143969,19,http://www.unions.org/unions/international-union-of-operating-engineers/local-0/8547
IUOE,ENGINEERS, OPERATING,,1121 L STREET, SUITE 401SACRAMENTO, CA 958143969,4,http://www.unions.org/unions/international-union-of-operating-engineers/local-0/9280
IUPAT,PAINTERS Local 718,555 De Haro StSAN FRANCISCO, CA 94107,545,http://www.unions.org/unions/the-international-union-of-painters-and-allied-trades-home/local-718/15011
IUPAT,PAINTERS Local 913,555 DE HARO STREETSAN FRANCISCO, CA 94107,693,http://www.unions.org/unions/the-international-union-of-painters-and-allied-trades-home/local-913/15237
IUPAT,PAINTERS Local 510,250 EXECUTIVE PARK BLVDSAN FRANCISCO, CA 941343309,835,http://www.unions.org/unions/the-international-union-of-painters-and-allied-trades-home/local-510/7828
IUPAT,PAINTERS Local 16,2705 CONSTITUTION DRIVELIVERMORE, CA 945509206,10306,http://www.unions.org/unions/the-international-union-of-painters-and-allied-trades-home/local-16/8015
IUPAT,PAINTERS Local 741,742 ARNOLD DR. #CMARTINEZ, CA 945531605,352,http://www.unions.org/unions/the-international-union-of-painters-and-allied-trades-home/local-741/3746
IUPAT,PAINTERS Local 376,404 NEBRASKA STREETVALLEJO, CA 94590,351,http://www.unions.org/unions/the-international-union-of-painters-and-allied-trades-home/local-376/10762
IUPAT,PAINTERS Local 1176,8400 ENTERPRISE WAYOAKLAND, CA 94621,652,http://www.unions.org/unions/the-international-union-of-painters-and-allied-trades-home/local-1176/7790
IUPAT,PAINTERS Local 169,8400 ENTERPRISE WAY #118OAKLAND, CA 946211311,842,http://www.unions.org/unions/the-international-union-of-painters-and-allied-trades-home/local-169/8007
IUPAT,PAINTERS Local 3,8400 ENTERPRISE WAYOAKLAND, CA 946211312,982,http://www.unions.org/unions/the-international-union-of-painters-and-allied-trades-home/local-3/7190
IUPAT,PAINTERS Local 507,2102 ALMADEN RD STE 100SAN JOSE, CA 95125,955,http://www.unions.org/unions/the-international-union-of-painters-and-allied-trades-home/local-507/7968
IUPAT,PAINTERS Local 12,2102 ALMADEN ROADSAN JOSE, CA 951252104,1186,http://www.unions.org/unions/the-international-union-of-painters-and-allied-trades-home/local-12/7734
IUPAT,PAINTERS Local 1621,2102 ALMADEN RD., STE. 104SAN JOSE, CA 951252104,592,http://www.unions.org/unions/the-international-union-of-painters-and-allied-trades-home/local-1621/8920
IUPAT,PAINTERS Local 1237,7111 GOVERNORS CIRCLESACRAMENTO, CA 95823,287,http://www.unions.org/unions/the-international-union-of-painters-and-allied-trades-home/local-1237/14650
IUPAT,PAINTERS Local 767,7111 GOVERNORS CIRCLESACRAMENTO, CA 95823,346,http://www.unions.org/unions/the-international-union-of-painters-and-allied-trades-home/local-767/14651
IUPAT,PAINTERS Local 487,7111 GOVERNORS CIRCLESACRAMENTO, CA 95823,620,http://www.unions.org/unions/the-international-union-of-painters-and-allied-trades-home/local-487/14652
LIUNA,LABORERS  Local 261,3271 18TH STREETSAN FRANCISCO, CA 941101920,3042,http://www.unions.org/unions/laborers-international-union-of-north-america/local-261/14146
LIUNA,LABORERS  Local 389,300 7TH AVENUESAN MATEO, CA 944014293,996,http://www.unions.org/unions/laborers-international-union-of-north-america/local-389/12800
LIUNA,LABORERS  Local 304,29475 MISSION BLVDHAYWARD, CA 94544,3833,http://www.unions.org/unions/laborers-international-union-of-north-america/local-304/13202
LIUNA,LABORERS  Local 324,611 BERRELLESSA STREETMARTINEZ, CA 945531537,1978,http://www.unions.org/unions/laborers-international-union-of-north-america/local-324/12773
LIUNA,LABORERS,4780 CHABOT DRIVEPLEASANTON, CA 945883322,15,http://www.unions.org/unions/laborers-international-union-of-north-america/local-0/13061
LIUNA,LABORERS  Local 886,8400 ENTERPRISE WAYOAKLAND, CA 94621,347,http://www.unions.org/unions/laborers-international-union-of-north-america/local-886/11636
LIUNA,LABORERS  Local 67,8400 ENTERPRISE WAYOAKLAND, CA 94621,1173,http://www.unions.org/unions/laborers-international-union-of-north-america/local-67/13754
LIUNA,LABORERS  Local 166,8400 ENTERPRISE WAYOAKLAND, CA 94621,308,http://www.unions.org/unions/laborers-international-union-of-north-america/local-166/16077
LIUNA,LABORERS  Local 291,SAN RAFAEL, CA 949134250,708,http://www.unions.org/unions/laborers-international-union-of-north-america/local-291/6880
LIUNA,LABORERS  Local 270,509 EMORY STSAN JOSE, CA 951101890,3296,http://www.unions.org/unions/laborers-international-union-of-north-america/local-270/12921
LIUNA,LABORERS  Local 73,3984 Cherokee RoadStockton, CA 95215,975,http://www.unions.org/unions/laborers-international-union-of-north-america/local-73/13440
LIUNA,LABORERS  Local 1130,MODESTO, CA 95353,945,http://www.unions.org/unions/laborers-international-union-of-north-america/local-1130/12399
LIUNA,LABORERS  Local 185,1320 WEST NATIONAL DRIVESACRAMENTO, CA 95834,4400,http://www.unions.org/unions/laborers-international-union-of-north-america/local-185/11818
MTTD,MARITIME TRADES DEPT,450 HARRISON STSAN FRANCISCO, CA 94105,44,http://www.unions.org/unions/maritime-trades-dept-afl-cio/local-0/2496
NALC,LETTER CARRIERS, NATL ASN, Local 231,4466 W SPAATZFRESNO, CA 937223400,872,http://www.unions.org/unions/national-association-of-letter-carriers/local-231/14071
NALC,LETTER CARRIERS, NATL ASN, Local 1280,BURLINGAME, CA 94011,447,http://www.unions.org/unions/national-association-of-letter-carriers/local-1280/4150
NALC,LETTER CARRIERS, NATL ASN, Local 214,2310 MASON ST. , 3RD FLRSAN FRANCISCO, CA 941331800,2391,http://www.unions.org/unions/national-association-of-letter-carriers/local-214/9343
NALC,LETTER CARRIERS, NATL ASN, Local 1707,HAYWARD, CA 945404122,209,http://www.unions.org/unions/national-association-of-letter-carriers/local-1707/18285
NALC,LETTER CARRIERS, NATL ASN, Local 627,NAPA, CA 945590627,133,http://www.unions.org/unions/national-association-of-letter-carriers/local-627/16034
NALC,LETTER CARRIERS, NATL ASN, Local 1111,402 37TH STREETRICHMOND, CA 948052134,3253,http://www.unions.org/unions/national-association-of-letter-carriers/local-1111/15239
NALC,LETTER CARRIERS, NATL ASN, Local 1427,3350 SCOTT BLVD. #57SANTA CLARA, CA 95054,1329,http://www.unions.org/unions/national-association-of-letter-carriers/local-1427/14007
NALC,LETTER CARRIERS, NATL ASN, Local 857,WATSONVILLE, CA 95076,52,http://www.unions.org/unions/national-association-of-letter-carriers/local-857/15150
NALC,LETTER CARRIERS, NATL ASN, Local 193,P.O. BOX 5721SAN JOSE, CA 95150,1066,http://www.unions.org/unions/national-association-of-letter-carriers/local-193/12110
NALC,LETTER CARRIERS, NATL ASN, Local 4850,PO BOX 822CERES, CA 953070822,14,http://www.unions.org/unions/national-association-of-letter-carriers/local-4850/17331
NALC,LETTER CARRIERS, NATL ASN, Local 4249,MANTECA, CA 953361124,38,http://www.unions.org/unions/national-association-of-letter-carriers/local-4249/18259
NALC,LETTER CARRIERS, NATL ASN, Local 1340,2334 M STMERCEO, CA 953409998,54,http://www.unions.org/unions/national-association-of-letter-carriers/local-1340/16382
NALC,LETTER CARRIERS, NATL ASN, Local 1291,MODESTO, CA 953523559,219,http://www.unions.org/unions/national-association-of-letter-carriers/local-1291/995
NALC,LETTER CARRIERS, NATL ASN, Local 183,888 THIRD STSANTA ROSA, CA 95404,416,http://www.unions.org/unions/national-association-of-letter-carriers/local-183/17769
NALC,LETTER CARRIERS, NATL ASN, Local 3060,AUBURN, CA 956044371,25,http://www.unions.org/unions/national-association-of-letter-carriers/local-3060/12580
NALC,LETTER CARRIERS, NATL ASN, Local 4494,CARMICHAEL, CA 95609,94,http://www.unions.org/unions/national-association-of-letter-carriers/local-4494/1004
NALC,LETTER CARRIERS, NATL ASN, Local 133,6215 WATT AVENORTH HIGHLANDS, CA 956604215,2144,http://www.unions.org/unions/national-association-of-letter-carriers/local-133/12653
NATCA,AIR TRAFFIC CONTROLLERS,T2-6-30SAN FRANCISCO, CA 941282902,37,http://www.unions.org/unions/national-air-traffic-controllers-association/local-0/15413
NATCA,AIR TRAFFIC CONTROLLERS,1909 EMBARCADERO RDPALO ALTO, CA 943033312,7617,http://www.unions.org/unions/national-air-traffic-controllers-association/local-0/14377
NATCA,AIR TRAFFIC CONTROLLERS,201 JOHN GLENN DRCONCORD, CA 94520,10,http://www.unions.org/unions/national-air-traffic-controllers-association/local-0/16752
NATCA,AIR TRAFFIC CONTROLLERS,5125 CENTRAL AVEFREMONT, CA 94536,257,http://www.unions.org/unions/national-air-traffic-controllers-association/local-0/3972
NATCA,AIR TRAFFIC CONTROLLERS,LIVERMORE, CA 945519533,9,http://www.unions.org/unions/national-air-traffic-controllers-association/local-0/5884
NATCA,AIR TRAFFIC CONTROLLERS,4000 AIRPORT RDNAPA, CA 945586237,9,http://www.unions.org/unions/national-air-traffic-controllers-association/local-0/17080
NATCA,AIR TRAFFIC CONTROLLERS,1 AIRPORT DROAKLAND, CA 946211430,24,http://www.unions.org/unions/national-air-traffic-controllers-association/local-0/5918
NATCA,AIR TRAFFIC CONTROLLERS,275 MARTIN AVESANTA CLARA, CA 950504340,17,http://www.unions.org/unions/national-air-traffic-controllers-association/local-0/16725
NATCA,AIR TRAFFIC CONTROLLERS,2204 WAVERLY AVESAN JOSE, CA 951221770,9,http://www.unions.org/unions/national-air-traffic-controllers-association/local-0/5542
NATCA,AIR TRAFFIC CONTROLLERS,7434 S. LINDBERGH ST.STOCKTON, CA 952063914,11,http://www.unions.org/unions/national-air-traffic-controllers-association/local-0/15811
NATCA,AIR TRAFFIC CONTROLLERS,11375 DOUGLAS RD.MATHER, CA 956554008,181,http://www.unions.org/unions/national-air-traffic-controllers-association/local-0/6006
NATCA,AIR TRAFFIC CONTROLLERS,5620 ALAN BOYD DRSACRAMENTO, CA 958371106,15,http://www.unions.org/unions/national-air-traffic-controllers-association/local-0/3203
NFFE,FED EMPL NFFE, DIST 1, IAM, Local 1,4150 CLEMENT STSAN FRANCISCO, CA 94121,342,http://www.unions.org/unions/national-federation-of-federal-employees/local-1/18088
NFFE,FED EMPL NFFE, DIST 1, IAM, Local 1981,1323 CLUB DRIVEVALLEJO, CA 945921110,15,http://www.unions.org/unions/national-federation-of-federal-employees/local-1981/12546
NFFE,FED EMPL NFFE, DIST 1, IAM, Local 2195,19777 GREENLEY ROADSONORA, CA 95370,21,http://www.unions.org/unions/national-federation-of-federal-employees/local-2195/5737
NPMHU,POSTAL MAIL HANDLERS, LIUNA  Local 302,5901 Christie AveEmeryville, CA 94608,5418,http://www.unions.org/unions/national-postal-mail-handlers-union/local-302/14602
NTEU,TREASURY EMPLOYEES UNION Local 295,SAN FRANCISCO, CA 941194212,89,http://www.unions.org/unions/national-treasury-employees-union/local-295/6351
NTEU,TREASURY EMPLOYEES UNION Local 81,201 N. CIVIC DRIVE, #220WALNUT CREEK, CA 945963880,85,http://www.unions.org/unions/national-treasury-employees-union/local-81/14591
NTEU,TREASURY EMPLOYEES UNION Local 20,1301 CLAY ST SUITE 1610 SOAKLAND, CA 94612,711,http://www.unions.org/unions/national-treasury-employees-union/local-20/4919
NTEU,TREASURY EMPLOYEES UNION Local 238,55 S MARKET STREETSAN JOSE, CA 95113,225,http://www.unions.org/unions/national-treasury-employees-union/local-238/1485
NTEU,TREASURY EMPLOYEES UNION Local 239,4330 WATT AVESACRAMENTO, CA 958217012,377,http://www.unions.org/unions/national-treasury-employees-union/local-239/11211
OPCMIA,PLASTERERS & CEMENT MASONS Local 66,150 EXECUTIVE PARK BLVD.SAN FRANCISCO, CA 94134,548,http://www.unions.org/unions/operative-plasterers'-and-cement-masons'-international-association/local-66/12959
OPCMIA,PLASTERERS & CEMENT MASONS Local 300,8400 Enterprise Way, #111Oakland, CA 94621,2041,http://www.unions.org/unions/operative-plasterers'-and-cement-masons'-international-association/local-300/13963
OPCMIA,PLASTERERS & CEMENT MASONS Local 400,810 W. STADUIM LANESACRAMENTO, CA 958341131,2015,http://www.unions.org/unions/operative-plasterers'-and-cement-masons'-international-association/local-400/14014
OPEIU,OFFICE & PROFESSIONAL EMPLS Local 3,1050 SOUTH VAN NESS AVE 201SAN FRANCISCO, CA 941102616,1704,http://www.unions.org/unions/office-and-professional-employees-international-union/local-3/7736
OPEIU,OFFICE & PROFESSIONAL EMPLS Local 29,1321 Harbor Bay ParkwayAlameda, CA 94502,3995,http://www.unions.org/unions/office-and-professional-employees-international-union/local-29/12401
PACE,PACE,,1311 PINE STMARTINEZ, CA 945530034,1075,http://www.unions.org/unions/paper,-allied-industrial,-chemical,-and-energy-workers/local-0/18103
PPF/UA,PLUMBERS Local 467,1519 ROLLINS RDBURLINGAME, CA 94010,1231,http://www.unions.org/unions/plumbers-and-pipe-fitters-union/local-467/10417
PPF/UA,PLUMBERS Local 38,1621 MARKET STSAN FRANCISCO, CA 94103,2083,http://www.unions.org/unions/plumbers-and-pipe-fitters-union/local-38/10892
PPF/UA,PLUMBERS Local 342,935 DETROIT AVENUECONCORD, CA 94518,3021,http://www.unions.org/unions/plumbers-and-pipe-fitters-union/local-342/12367
PPF/UA,PLUMBERS Local 483,2525 BARRINGTON COURTHAYWARD, CA 94545,944,http://www.unions.org/unions/plumbers-and-pipe-fitters-union/local-483/10721
PPF/UA,PLUMBERS Local 159,1308 ROMAN WAYMARTINEZ, CA 94553,594,http://www.unions.org/unions/plumbers-and-pipe-fitters-union/local-159/11492
PPF/UA,PLUMBERS Local 343,401 NEBRASKA STREETVALLEJO, CA 94590,583,http://www.unions.org/unions/plumbers-and-pipe-fitters-union/local-343/7422
PPF/UA,PLUMBERS Local 355,13 TENNESSEE STREETVALLEJO, CA 945904335,279,http://www.unions.org/unions/plumbers-and-pipe-fitters-union/local-355/7414
PPF/UA,PLUMBERS Local 62,11445 COMMERCIAL PKYCASTROVILLE, CA 950123201,276,http://www.unions.org/unions/plumbers-and-pipe-fitters-union/local-62/13482
PPF/UA,PLUMBERS Local 393,SAN JOSE, CA 95123,2619,http://www.unions.org/unions/plumbers-and-pipe-fitters-union/local-393/13218
PPF/UA,PLUMBERS Local 36,4842 NUTCRACKER LANEMODESTO, CA 95356,1928,http://www.unions.org/unions/plumbers-and-pipe-fitters-union/local-36/12798
PPF/UA,PLUMBERS Local 442,4842 NUTCRACKER LANEMODESTO, CA 95356,664,http://www.unions.org/unions/plumbers-and-pipe-fitters-union/local-442/13976
PPF/UA,PLUMBERS Local 447,5841 NEWMAN COURTSACRAMENTO, CA 958192607,1377,http://www.unions.org/unions/plumbers-and-pipe-fitters-union/local-447/13571
PPF/UA,PLUMBERS Local 228,1246 Putman Ave.Yuba City, CA 95991,370,http://www.unions.org/unions/plumbers-and-pipe-fitters-union/local-228/11861
RLCA,LETTER CARRIERS, RURAL,,CLOVIS, CA 936130003,199,http://www.unions.org/unions/national-rural-letters-carrier's-association/local-0/786
RLCA,LETTER CARRIERS, RURAL, Local 12,3652 CONCORD AVENUEBRENTWOOD, CA 945134508,181,http://www.unions.org/unions/national-rural-letters-carrier's-association/local-12/4788
RLCA,LETTER CARRIERS, RURAL,,2289 S HOLLENBECK RDSTOCKTON, CA 952159722,144,http://www.unions.org/unions/national-rural-letters-carrier's-association/local-0/714
RLCA,LETTER CARRIERS, RURAL,,431 CHAFFEE LNWATERFORD, CA 953869407,194,http://www.unions.org/unions/national-rural-letters-carrier's-association/local-0/7373
RLCA,LETTER CARRIERS, RURAL,,580 RALSTON LANENEW CASTLE, CA 956589603,520,http://www.unions.org/unions/national-rural-letters-carrier's-association/local-0/7320
RLCA,LETTER CARRIERS, RURAL, Local 7,1070 JOHNATHAN DRYUBA CITY, CA 959938112,184,http://www.unions.org/unions/national-rural-letters-carrier's-association/local-7/7676
RWAW,ROOFERS Local 40,150 EXECUTIVE PARK BLVDSAN FRANCISCO, CA 941343309,361,http://www.unions.org/unions/united-union-of-roofers,-waterproofers-and-allied-workers/local-40/11781
RWAW,ROOFERS Local 81,8400 ENTERPRISE WAYOAKLAND, CA 94621,894,http://www.unions.org/unions/united-union-of-roofers,-waterproofers-and-allied-workers/local-81/12299
RWAW,ROOFERS Local 95,2330A Walsh Ave.SANTA CLARA, CA 950504335,419,http://www.unions.org/unions/united-union-of-roofers,-waterproofers-and-allied-workers/local-95/13543
SEIU,SERVICE EMPLOYEES Local 87,240 GOLDEN GATE AVENUESAN FRANCISCO, CA 941023716,3198,http://www.unions.org/unions/service-employees-international-union/local-87/11821
SEIU,SERVICE EMPLOYEES Local 2007,STANFORD, CA 94309,969,http://www.unions.org/unions/service-employees-international-union/local-2007/14032
SIUNA,SEAFARERS,240 SECOND STREETSAN FRANCISCO, CA 94105,655,http://www.unions.org/unions/seafarers-international-union-of-north-america/local-0/11101
SIUNA,SEAFARERS,450 HARRISON STREET, ROOM 108SAN FRANCISCO, CA 941052640,598,http://www.unions.org/unions/seafarers-international-union-of-north-america/local-0/11808
SIUNA,SEAFARERS Local 1,641 LORING AVECROCKETT, CA 94525,304,http://www.unions.org/unions/seafarers-international-union-of-north-america/local-1/13601
SMW,SHEET METAL WORKERS Local 104,2610 CROW CANYON RD. #300SAN RAMON, CA 94583,6437,http://www.unions.org/unions/sheet-metal-workers-international-association/local-104/11776
SMW,SHEET METAL WORKERS Local 162,2840 EL CENTRO ROAD # 110SACRAMENTO, CA 95833,2650,http://www.unions.org/unions/sheet-metal-workers-international-association/local-162/7631
TCU,TRANSPORTATION COMM UNION Local 6510,6817 CASTLEBERRY CIRCLECITRUS HEIGHTS, CA 956210160,197,http://www.unions.org/unions/transportation-communications-international-union/local-6510/2541
TCU,TRANSPORTATION COMM UNION Local 555,LINCOLN, CA 956482468,292,http://www.unions.org/unions/transportation-communications-international-union/local-555/11756
TWU,TRANSPORT WORKERS Local 505,1521 ROLLINSBURLINGAME, CA 940102305,390,http://www.unions.org/unions/transit-workers-union/local-505/5617
TWU,TRANSPORT WORKERS Local 250,1508 FILLMORE ST  SUITE 211SAN FRANCISCO, CA 941153597,2201,http://www.unions.org/unions/transit-workers-union/local-250/13015
UAW,AUTO WORKERS,45201 FREMONT BLVD.FREMONT, CA 94538,4000,http://www.unions.org/unions/united-auto-workers/local-0/16205
UAW,AUTO WORKERS Local 76,45201 FREMONT BLVD.FREMONT, CA 945380000,412,http://www.unions.org/unions/united-auto-workers/local-76/13613
UAW,AUTO WORKERS Local 2244,45201 FREMONT BLVDFREMONT, CA 945386317,3607,http://www.unions.org/unions/united-auto-workers/local-2244/13473
UFCW,FOOD & COMMERCIAL WKRS Local 101,SOUTH SAN FRANCISCO, CA 940803721,6814,http://www.unions.org/unions/united-food-and-commercial-workers/local-101/12201
UFCW,FOOD & COMMERCIAL WKRS Local 648,1980 MISSION STREETSAN FRANCISCO, CA 941033489,3962,http://www.unions.org/unions/united-food-and-commercial-workers/local-648/7442
UFCW,FOOD & COMMERCIAL WKRS Local 181,504 EAST CHURCHILL STREETSTOCKTON, CA 952042217,5,http://www.unions.org/unions/united-food-and-commercial-workers/local-181/1658
UFCW,FOOD & COMMERCIAL WKRS Local 186,329 DOWNEYMODESTO, CA 953541203,1685,http://www.unions.org/unions/united-food-and-commercial-workers/local-186/13923
USW,STEELWORKERS Local 555,1209 W FOUNTAIN WAYFresno, CA 93705,72,http://www.unions.org/unions/united-steel-workers/local-555/9876
USW,STEELWORKERS Local 336,37835 Niles BlvdFremont, CA 94536,167,http://www.unions.org/unions/united-steel-workers/local-336/4941
USW,STEELWORKERS Local 5,1333 PINE ST STE AMARTINEZ, CA 945530034,1618,http://www.unions.org/unions/united-steel-workers/local-5/13184
USW,STEELWORKERS Local 1440,677 CUMBERLAND ST.PITTSBURG, CA 94565,558,http://www.unions.org/unions/united-steel-workers/local-1440/5503
USW,STEELWORKERS Local 2571,251 PEBBLE BEACH LOOPPITTSBURG, CA 945652325,50,http://www.unions.org/unions/united-steel-workers/local-2571/14915
USW,STEELWORKERS Local 326,432 1st StRodeo, CA 94572,285,http://www.unions.org/unions/united-steel-workers/local-326/1993
USW,STEELWORKERS Local 1304,433 CALLAN AVESAN LEANDRO, CA 945774641,186,http://www.unions.org/unions/united-steel-workers/local-1304/18656
USW,STEELWORKERS Local 418G,P.O. Box 342Lathrop, CA 95330,332,http://www.unions.org/unions/united-steel-workers/local-418g/17387
USW,STEELWORKERS Local 418G,LATHROP, CA 953300342,120,http://www.unions.org/unions/united-steel-workers/local-418g/5331
USW,STEELWORKERS Local 18,12094 WASHINGTON RDWATERFORD, CA 95386,65,http://www.unions.org/unions/united-steel-workers/local-18/5287
USW,STEELWORKERS Local 565,10075 TAVERNOR ROADWILTON, CA 95693,300,http://www.unions.org/unions/united-steel-workers/local-565/15122
